GROUP,PACKAGE,CLASS,INSTRUCTION_MISSED,INSTRUCTION_COVERED,BRANCH_MISSED,BRANCH_COVERED,LINE_MISSED,LINE_COVERED,COMPLEXITY_MISSED,COMPLEXITY_COVERED,METHOD_MISSED,METHOD_COVERED
greenstarapp-security-service,com.cognizant.outreach.microservices.security.model,User,0,45,0,0,0,19,0,13,0,13
greenstarapp-security-service,com.cognizant.outreach.microservices.security.jwt,JwtUsernamePasswordAuthenticationFilter.User,14,0,0,0,2,0,4,0,4,0
greenstarapp-security-service,com.cognizant.outreach.microservices.security.jwt,JwtUsernamePasswordAuthenticationFilter,97,20,0,0,20,5,2,1,2,1
greenstarapp-security-service,com.cognizant.outreach.microservices.security.vo,UserRoleMappingVO,0,43,0,0,0,19,0,10,0,10
greenstarapp-security-service,com.cognizant.outreach.microservices.security.controller,AdminController,101,105,0,0,22,18,1,5,1,5
greenstarapp-security-service,com.cognizant.outreach.microservices.security.controller,SecurityController,7,0,0,0,2,0,1,0,1,0
greenstarapp-security-service,com.cognizant.outreach.microservices.security.service,AdminServiceImpl,4,253,4,10,2,53,4,9,0,6
greenstarapp-security-service,com.cognizant.outreach.microservices.security,ApplicationProperties,3,14,0,0,1,6,1,4,1,4
greenstarapp-security-service,com.cognizant.outreach.microservices.security,Application,5,3,0,0,2,1,1,1,1,1
greenstarapp-security-service,com.cognizant.outreach.microservices.security,SecurityConfig,4,109,0,0,1,22,1,4,1,4
