GROUP,PACKAGE,CLASS,INSTRUCTION_MISSED,INSTRUCTION_COVERED,BRANCH_MISSED,BRANCH_COVERED,LINE_MISSED,LINE_COVERED,COMPLEXITY_MISSED,COMPLEXITY_COVERED,METHOD_MISSED,METHOD_COVERED
greenstarapp-school-service,com.cognizant.outreach.microservices.school.service,StudentServiceImpl,99,865,29,75,17,183,27,40,0,15
greenstarapp-school-service,com.cognizant.outreach.microservices.school.service,SchoolServiceImpl,31,798,13,43,6,173,13,33,0,18
greenstarapp-school-service,com.cognizant.outreach.microservices.school.service,StudentService,0,704,0,0,0,1,0,1,0,1
greenstarapp-school-service,com.cognizant.outreach.microservices.school.controller,SchoolController,311,70,8,2,59,12,13,4,8,4
greenstarapp-school-service,com.cognizant.outreach.microservices.school.helper,ExcelHelper,3,435,2,8,1,97,3,12,1,9
greenstarapp-school-service,com.cognizant.outreach.microservices.school.helper,StudentHelper,47,551,9,47,8,122,10,28,1,9
greenstarapp-school-service,com.cognizant.outreach.microservices.school.helper,SchoolHelper,21,397,2,22,5,104,3,22,1,12
greenstarapp-school-service,com.cognizant.outreach.microservices.school,Application,5,3,0,0,2,1,1,1,1,1
greenstarapp-school-service,com.cognizant.outreach.microservices.school.vo,SchoolSearchVO,0,17,0,0,0,7,0,5,0,5
greenstarapp-school-service,com.cognizant.outreach.microservices.school.vo,HolidayVO,3,28,0,0,1,12,1,8,1,8
greenstarapp-school-service,com.cognizant.outreach.microservices.school.vo,SchoolVO,0,94,0,0,0,40,0,27,0,27
greenstarapp-school-service,com.cognizant.outreach.microservices.school.vo,StudentVO,6,39,0,0,2,17,2,11,2,11
greenstarapp-school-service,com.cognizant.outreach.microservices.school.vo,StudentSearchVO,7,10,0,0,3,4,2,3,2,3
greenstarapp-school-service,com.cognizant.outreach.microservices.school.vo,PerformanceParamVO,0,24,0,0,0,10,0,7,0,7
greenstarapp-school-service,com.cognizant.outreach.microservices.school.vo,TeamNameCountVO,3,28,0,0,1,12,1,8,1,8
greenstarapp-school-service,com.cognizant.outreach.microservices.school.vo,ClassVO,8,65,0,0,4,27,2,19,2,19
greenstarapp-school-service,com.cognizant.outreach.microservices.school.vo,StateVO,0,17,0,0,0,7,0,5,0,5
greenstarapp-school-service,com.cognizant.outreach.microservices.school.vo,WeekendWorkingDayVO,3,21,0,0,1,9,1,6,1,6
