GROUP,PACKAGE,CLASS,INSTRUCTION_MISSED,INSTRUCTION_COVERED,BRANCH_MISSED,BRANCH_COVERED,LINE_MISSED,LINE_COVERED,COMPLEXITY_MISSED,COMPLEXITY_COVERED,METHOD_MISSED,METHOD_COVERED
greenstarapp-perfdata-service,com.cognizant.outreach.microservices.perfdata.controller,PerformanceMetricsController,112,43,0,0,24,8,5,4,5,4
greenstarapp-perfdata-service,com.cognizant.outreach.microservices.perfdata.controller,PerformanceDataController,60,62,0,0,12,7,0,7,0,7
greenstarapp-perfdata-service,com.cognizant.outreach.microservices.perfdata.controller,PerformanceStarController,0,15,0,0,0,3,0,2,0,2
greenstarapp-perfdata-service,com.cognizant.outreach.microservices.perfdata.controller,BulkUploadPerfDataController,11,3,0,0,2,1,2,1,2,1
greenstarapp-perfdata-service,com.cognizant.outreach.microservices.perfdata.vo,PerformanceRowVO,46,71,8,8,15,27,12,13,6,11
greenstarapp-perfdata-service,com.cognizant.outreach.microservices.perfdata.vo,PerformanceDataVO,41,41,9,5,14,15,9,6,2,6
greenstarapp-perfdata-service,com.cognizant.outreach.microservices.perfdata.vo,PerformanceDayVO,55,46,9,7,20,15,12,6,5,5
greenstarapp-perfdata-service,com.cognizant.outreach.microservices.perfdata.vo,TemplateError,24,12,0,0,11,5,7,1,7,1
greenstarapp-perfdata-service,com.cognizant.outreach.microservices.perfdata.vo,PerformanceDataTableVO,4,90,0,0,2,38,1,26,1,26
greenstarapp-perfdata-service,com.cognizant.outreach.microservices.perfdata.vo,SearchPerformanceData,0,80,0,0,0,34,0,23,0,23
greenstarapp-perfdata-service,com.cognizant.outreach.microservices.perfdata.vo,PerformanceHeaderVO,84,34,15,1,30,12,16,6,8,6
greenstarapp-perfdata-service,com.cognizant.outreach.microservices.perfdata.service,PerformanceStarServiceImpl,13,590,10,50,2,118,9,37,0,16
greenstarapp-perfdata-service,com.cognizant.outreach.microservices.perfdata.service,PerformanceMetricsServiceImpl,0,1082,5,52,0,232,5,38,0,12
greenstarapp-perfdata-service,com.cognizant.outreach.microservices.perfdata.service,PerformanceDataServiceImpl,3,355,2,14,0,72,2,13,0,7
greenstarapp-perfdata-service,com.cognizant.outreach.microservices.perfdata.service,BulkUploadPerfDataServiceImpl,19,411,2,10,6,78,2,9,0,5
greenstarapp-perfdata-service,com.cognizant.outreach.microservices.perfdata.service,PerfDataServiceImpl,0,3,0,0,0,1,0,1,0,1
greenstarapp-perfdata-service,com.cognizant.outreach.microservices.perfdata.helper,PerformanceDataHelper,34,838,11,51,7,176,13,48,2,28
greenstarapp-perfdata-service,com.cognizant.outreach.microservices.perfdata.helper,ExcelTemplateReadHelper,37,200,5,11,11,39,4,9,0,5
greenstarapp-perfdata-service,com.cognizant.outreach.microservices.perfdata.helper,TemplateValidator,206,189,20,24,21,43,18,9,0,5
greenstarapp-perfdata-service,com.cognizant.outreach.microservices.perfdata.helper,ExcelTemplateWriteHelper,0,853,0,10,0,208,0,17,0,12
greenstarapp-perfdata-service,com.cognizant.outreach.microservices.perfdata.dao,PerformanceDataDAOImpl,66,112,4,4,16,26,8,6,4,6
greenstarapp-perfdata-service,com.cognizant.outreach.microservices.perfdata.constants,StarColorCodes,4,70,0,0,2,7,1,3,1,3
greenstarapp-perfdata-service,com.cognizant.outreach.microservices.perfdata,Application,5,3,0,0,2,1,1,1,1,1
greenstarapp-perfdata-service,com.cognizant.outreach.microservices.perfdata.vo.metrics,SearchPerformanceMetrics,0,73,0,0,0,31,0,21,0,21
greenstarapp-perfdata-service,com.cognizant.outreach.microservices.perfdata.vo.metrics,AverageRowVO,3,30,0,0,1,12,1,6,1,6
greenstarapp-perfdata-service,com.cognizant.outreach.microservices.perfdata.vo.metrics,EncouragingMetricsVO,39,27,0,0,15,13,12,7,12,7
greenstarapp-perfdata-service,com.cognizant.outreach.microservices.perfdata.vo.metrics,ClasswiseMetricsVO,0,45,0,0,0,19,0,13,0,13
greenstarapp-perfdata-service,com.cognizant.outreach.microservices.perfdata.vo.metrics,DashboardSingleVO,0,17,0,0,0,7,0,5,0,5
greenstarapp-perfdata-service,com.cognizant.outreach.microservices.perfdata.vo.metrics,SectionDataVO,10,28,0,0,4,12,3,8,3,8
greenstarapp-perfdata-service,com.cognizant.outreach.microservices.perfdata.vo.metrics,ClassTeamwiseSectionData,19,54,0,0,7,24,6,15,6,15
greenstarapp-perfdata-service,com.cognizant.outreach.microservices.perfdata.vo.metrics,TeamwiseMetricsVO,18,34,0,0,6,16,6,9,6,9
greenstarapp-perfdata-service,com.cognizant.outreach.microservices.perfdata.vo.star,PerformanceStarSearchDataVO,0,45,0,0,0,19,0,13,0,13
greenstarapp-perfdata-service,com.cognizant.outreach.microservices.perfdata.vo.star,PerformanceStarVO,0,45,0,0,0,19,0,13,0,13
