/*
-- Query: SELECT * FROM greenstar.main_ui_menu
LIMIT 0, 1000

-- Date: 2019-03-17 10:45
*/
INSERT INTO `main_ui_menu` (`ID`,`MENU_NAME`,`DESCRIPTION`,`CREATED_USER_ID`,`CREATED_DTM`,`LAST_UPDATED_USER_ID`,`LAST_UPDATED_DTM`) VALUES (1,'dashboard','dashboard','magesh','2019-02-17 09:43:15','magesh','2019-02-17 09:43:15');
INSERT INTO `main_ui_menu` (`ID`,`MENU_NAME`,`DESCRIPTION`,`CREATED_USER_ID`,`CREATED_DTM`,`LAST_UPDATED_USER_ID`,`LAST_UPDATED_DTM`) VALUES (2,'school','school','magesh','2019-02-17 09:43:15','magesh','2019-02-17 09:43:15');
INSERT INTO `main_ui_menu` (`ID`,`MENU_NAME`,`DESCRIPTION`,`CREATED_USER_ID`,`CREATED_DTM`,`LAST_UPDATED_USER_ID`,`LAST_UPDATED_DTM`) VALUES (3,'student','student','magesh','2019-02-17 09:43:15','magesh','2019-02-17 09:43:15');
INSERT INTO `main_ui_menu` (`ID`,`MENU_NAME`,`DESCRIPTION`,`CREATED_USER_ID`,`CREATED_DTM`,`LAST_UPDATED_USER_ID`,`LAST_UPDATED_DTM`) VALUES (4,'performance_metrics','performance_metrics','magesh','2019-02-17 09:43:15','magesh','2019-02-17 09:43:15');
INSERT INTO `main_ui_menu` (`ID`,`MENU_NAME`,`DESCRIPTION`,`CREATED_USER_ID`,`CREATED_DTM`,`LAST_UPDATED_USER_ID`,`LAST_UPDATED_DTM`) VALUES (5,'performance_star','performance_star','magesh','2019-02-17 09:43:15','magesh','2019-02-17 09:43:15');
INSERT INTO `main_ui_menu` (`ID`,`MENU_NAME`,`DESCRIPTION`,`CREATED_USER_ID`,`CREATED_DTM`,`LAST_UPDATED_USER_ID`,`LAST_UPDATED_DTM`) VALUES (6,'performance_data','performance_data','magesh','2019-02-17 09:43:15','magesh','2019-02-17 09:43:15');
INSERT INTO `main_ui_menu` (`ID`,`MENU_NAME`,`DESCRIPTION`,`CREATED_USER_ID`,`CREATED_DTM`,`LAST_UPDATED_USER_ID`,`LAST_UPDATED_DTM`) VALUES (7,'admin','admin','panneer','2019-02-21 09:43:15','panneer','2019-02-21 09:43:15');
INSERT INTO `main_ui_menu` (`ID`,`MENU_NAME`,`DESCRIPTION`,`CREATED_USER_ID`,`CREATED_DTM`,`LAST_UPDATED_USER_ID`,`LAST_UPDATED_DTM`) VALUES (8,'logout','logout','panneer','2019-02-21 09:43:15','panneer','2019-02-21 09:43:15');

/*
-- Query: SELECT * FROM greenstar.role_detail
LIMIT 0, 1000

-- Date: 2019-03-17 10:44
*/
INSERT INTO `role_detail` (`ID`,`ROLE_NAME`,`DESCRIPTION`,`CREATED_USER_ID`,`CREATED_DTM`,`LAST_UPDATED_USER_ID`,`LAST_UPDATED_DTM`) VALUES (1,'Admin','Application Admin','magesh','2019-02-21 10:38:22','magesh','2019-02-15 14:30:45');
INSERT INTO `role_detail` (`ID`,`ROLE_NAME`,`DESCRIPTION`,`CREATED_USER_ID`,`CREATED_DTM`,`LAST_UPDATED_USER_ID`,`LAST_UPDATED_DTM`) VALUES (2,'Event POC','Event POC','magesh','2019-02-15 14:30:45','magesh','2019-02-15 14:30:45');
INSERT INTO `role_detail` (`ID`,`ROLE_NAME`,`DESCRIPTION`,`CREATED_USER_ID`,`CREATED_DTM`,`LAST_UPDATED_USER_ID`,`LAST_UPDATED_DTM`) VALUES (3,'PMO','PMO','magesh','2019-02-15 14:30:45','magesh','2019-02-15 14:30:45');


/*
-- Query: SELECT * FROM greenstar.role_menu_mapping
LIMIT 0, 1000

-- Date: 2019-03-17 10:44
*/

/*
-- - Admin mappingd
*/
INSERT INTO `role_menu_mapping` (`ID`,`ROLE_ID`,`MENU_ID`,`CREATED_USER_ID`,`CREATED_DTM`,`LAST_UPDATED_USER_ID`,`LAST_UPDATED_DTM`) VALUES (1,1,1,'magesh','2019-02-15 14:30:45','magesh','2019-02-15 14:30:45');
INSERT INTO `role_menu_mapping` (`ID`,`ROLE_ID`,`MENU_ID`,`CREATED_USER_ID`,`CREATED_DTM`,`LAST_UPDATED_USER_ID`,`LAST_UPDATED_DTM`) VALUES (2,1,2,'magesh','2019-02-15 14:30:45','magesh','2019-02-15 14:30:45');
INSERT INTO `role_menu_mapping` (`ID`,`ROLE_ID`,`MENU_ID`,`CREATED_USER_ID`,`CREATED_DTM`,`LAST_UPDATED_USER_ID`,`LAST_UPDATED_DTM`) VALUES (3,1,3,'magesh','2019-02-15 14:30:45','magesh','2019-02-15 14:30:45');
INSERT INTO `role_menu_mapping` (`ID`,`ROLE_ID`,`MENU_ID`,`CREATED_USER_ID`,`CREATED_DTM`,`LAST_UPDATED_USER_ID`,`LAST_UPDATED_DTM`) VALUES (4,1,4,'magesh','2019-02-15 14:30:45','magesh','2019-02-15 14:30:45');
INSERT INTO `role_menu_mapping` (`ID`,`ROLE_ID`,`MENU_ID`,`CREATED_USER_ID`,`CREATED_DTM`,`LAST_UPDATED_USER_ID`,`LAST_UPDATED_DTM`) VALUES (5,1,5,'magesh','2019-02-15 14:30:45','magesh','2019-02-15 14:30:45');
INSERT INTO `role_menu_mapping` (`ID`,`ROLE_ID`,`MENU_ID`,`CREATED_USER_ID`,`CREATED_DTM`,`LAST_UPDATED_USER_ID`,`LAST_UPDATED_DTM`) VALUES (6,1,6,'magesh','2019-02-15 14:30:45','magesh','2019-02-15 14:30:45');
INSERT INTO `role_menu_mapping` (`ID`,`ROLE_ID`,`MENU_ID`,`CREATED_USER_ID`,`CREATED_DTM`,`LAST_UPDATED_USER_ID`,`LAST_UPDATED_DTM`) VALUES (7,1,7,'magesh','2019-02-22 14:30:45','magesh','2019-02-22 14:30:45');
INSERT INTO `role_menu_mapping` (`ID`,`ROLE_ID`,`MENU_ID`,`CREATED_USER_ID`,`CREATED_DTM`,`LAST_UPDATED_USER_ID`,`LAST_UPDATED_DTM`) VALUES (8,1,8,'magesh','2019-02-22 14:30:45','magesh','2019-02-22 14:30:45');

/*
-- - Event POC mappingd
*/
INSERT INTO `role_menu_mapping` (`ID`,`ROLE_ID`,`MENU_ID`,`CREATED_USER_ID`,`CREATED_DTM`,`LAST_UPDATED_USER_ID`,`LAST_UPDATED_DTM`) VALUES (9,2,2,'magesh','2019-02-15 14:30:45','magesh','2019-02-15 14:30:45');
INSERT INTO `role_menu_mapping` (`ID`,`ROLE_ID`,`MENU_ID`,`CREATED_USER_ID`,`CREATED_DTM`,`LAST_UPDATED_USER_ID`,`LAST_UPDATED_DTM`) VALUES (10,2,3,'magesh','2019-02-15 14:30:45','magesh','2019-02-15 14:30:45');
INSERT INTO `role_menu_mapping` (`ID`,`ROLE_ID`,`MENU_ID`,`CREATED_USER_ID`,`CREATED_DTM`,`LAST_UPDATED_USER_ID`,`LAST_UPDATED_DTM`) VALUES (11,2,4,'magesh','2019-02-15 14:30:45','magesh','2019-02-15 14:30:45');
INSERT INTO `role_menu_mapping` (`ID`,`ROLE_ID`,`MENU_ID`,`CREATED_USER_ID`,`CREATED_DTM`,`LAST_UPDATED_USER_ID`,`LAST_UPDATED_DTM`) VALUES (12,2,5,'magesh','2019-02-15 14:30:45','magesh','2019-02-15 14:30:45');
INSERT INTO `role_menu_mapping` (`ID`,`ROLE_ID`,`MENU_ID`,`CREATED_USER_ID`,`CREATED_DTM`,`LAST_UPDATED_USER_ID`,`LAST_UPDATED_DTM`) VALUES (13,2,6,'magesh','2019-02-15 14:30:45','magesh','2019-02-15 14:30:45');
INSERT INTO `role_menu_mapping` (`ID`,`ROLE_ID`,`MENU_ID`,`CREATED_USER_ID`,`CREATED_DTM`,`LAST_UPDATED_USER_ID`,`LAST_UPDATED_DTM`) VALUES (14,2,8,'magesh','2019-02-22 14:30:45','magesh','2019-02-22 14:30:45');

/*
-- - PMO mappingd
*/
INSERT INTO `role_menu_mapping` (`ID`,`ROLE_ID`,`MENU_ID`,`CREATED_USER_ID`,`CREATED_DTM`,`LAST_UPDATED_USER_ID`,`LAST_UPDATED_DTM`) VALUES (15,3,1,'magesh','2019-02-15 14:30:45','magesh','2019-02-15 14:30:45');
INSERT INTO `role_menu_mapping` (`ID`,`ROLE_ID`,`MENU_ID`,`CREATED_USER_ID`,`CREATED_DTM`,`LAST_UPDATED_USER_ID`,`LAST_UPDATED_DTM`) VALUES (16,3,2,'magesh','2019-02-15 14:30:45','magesh','2019-02-15 14:30:45');
INSERT INTO `role_menu_mapping` (`ID`,`ROLE_ID`,`MENU_ID`,`CREATED_USER_ID`,`CREATED_DTM`,`LAST_UPDATED_USER_ID`,`LAST_UPDATED_DTM`) VALUES (17,3,3,'magesh','2019-02-15 14:30:45','magesh','2019-02-15 14:30:45');
INSERT INTO `role_menu_mapping` (`ID`,`ROLE_ID`,`MENU_ID`,`CREATED_USER_ID`,`CREATED_DTM`,`LAST_UPDATED_USER_ID`,`LAST_UPDATED_DTM`) VALUES (18,3,4,'magesh','2019-02-15 14:30:45','magesh','2019-02-15 14:30:45');
INSERT INTO `role_menu_mapping` (`ID`,`ROLE_ID`,`MENU_ID`,`CREATED_USER_ID`,`CREATED_DTM`,`LAST_UPDATED_USER_ID`,`LAST_UPDATED_DTM`) VALUES (19,3,5,'magesh','2019-02-15 14:30:45','magesh','2019-02-15 14:30:45');
INSERT INTO `role_menu_mapping` (`ID`,`ROLE_ID`,`MENU_ID`,`CREATED_USER_ID`,`CREATED_DTM`,`LAST_UPDATED_USER_ID`,`LAST_UPDATED_DTM`) VALUES (20,3,6,'magesh','2019-02-15 14:30:45','magesh','2019-02-15 14:30:45');
INSERT INTO `role_menu_mapping` (`ID`,`ROLE_ID`,`MENU_ID`,`CREATED_USER_ID`,`CREATED_DTM`,`LAST_UPDATED_USER_ID`,`LAST_UPDATED_DTM`) VALUES (21,3,8,'magesh','2019-02-22 14:30:45','magesh','2019-02-22 14:30:45');


/*
-- Query: SELECT * FROM greenstar.user_role_mapping
LIMIT 0, 1000

-- Date: 2019-03-17 10:48
*/
INSERT INTO `user_role_mapping` (`ID`,`USER_ID`,`ROLE_ID`,`CREATED_USER_ID`,`CREATED_DTM`,`LAST_UPDATED_USER_ID`,`LAST_UPDATED_DTM`) VALUES (1,'panneer',1,'magesh','2019-02-15 14:30:45','magesh','2019-02-15 14:30:45');
INSERT INTO `user_role_mapping` (`ID`,`USER_ID`,`ROLE_ID`,`CREATED_USER_ID`,`CREATED_DTM`,`LAST_UPDATED_USER_ID`,`LAST_UPDATED_DTM`) VALUES (2,'magesh',3,'magesh','2019-02-15 14:30:45','magesh','2019-02-15 14:30:45');
INSERT INTO `user_role_mapping` (`ID`,`USER_ID`,`ROLE_ID`,`CREATED_USER_ID`,`CREATED_DTM`,`LAST_UPDATED_USER_ID`,`LAST_UPDATED_DTM`) VALUES (3,'bharath',2,'magesh','2019-02-15 14:30:45','magesh','2019-02-15 14:30:45');
